Site_Name,Latitude,Longitude,Date,NO3
101,34.85638889,-119.4846667,9/25/2008,2.1
102,34.9647222,-119.70475,8/15/2011,5.59
102,34.9647222,-119.70475,7/17/2012,4.96
102,34.9647222,-119.70475,7/18/2013,4.92
102,34.9647222,-119.70475,7/24/2014,4.79
102,34.9647222,-119.70475,7/23/2015,4.51
102,34.9647222,-119.70475,7/13/2016,4.35
102,34.9647222,-119.70475,7/13/2017,3.98
11,34.7066499,-119.3784517,9/28/1964,0
11,34.7066499,-119.3784517,9/28/1965,0
11,34.7066499,-119.3784517,10/30/1967,0
11,34.7066499,-119.3784517,9/27/1957,0.791
11,34.7066499,-119.3784517,9/27/1957,0.79065
11,34.7066499,-119.3784517,9/27/1957,0.791
11,34.7066499,-119.3784517,5/26/1958,0.113
11,34.7066499,-119.3784517,5/26/1958,0.11295
11,34.7066499,-119.3784517,5/26/1958,0.113
11,34.7066499,-119.3784517,9/10/1959,0
11,34.7066499,-119.3784517,7/6/1960,0
11,34.7066499,-119.3784517,10/11/1960,0.113
11,34.7066499,-119.3784517,10/11/1960,0.11295
11,34.7066499,-119.3784517,10/11/1960,0.113
11,34.7066499,-119.3784517,9/25/1962,0
11,34.7066499,-119.3784517,4/25/1963,0.565
11,34.7066499,-119.3784517,4/25/1963,0.56475
11,34.7066499,-119.3784517,4/25/1963,0.565
110,34.97664385,-119.7940239,4/7/1966,0
114,34.9783102,-119.748189,4/6/1966,0.226
114,34.9783102,-119.748189,4/6/1966,0.2259
114,34.9783102,-119.748189,4/6/1966,0.226
114,34.9783102,-119.748189,9/23/1966,0.181
114,34.9783102,-119.748189,9/23/1966,0.18072
114,34.9783102,-119.748189,9/23/1966,0.181
119,35.0433086,-119.8729138,4/5/1966,0
121,35.003978,-119.847619,3/11/1966,1.4
121,35.003978,-119.847619,3/11/1966,1.40058
13,34.78192435,-119.338172,5/17/1974,4.518
13,34.78192435,-119.338172,5/4/1977,4.2921
137,34.6883172,-119.3503948,4/15/1977,0
137,34.6883172,-119.3503948,10/18/1977,0.136
137,34.6883172,-119.3503948,3/1/1965,0
137,34.6883172,-119.3503948,10/24/1966,0.023
137,34.6883172,-119.3503948,5/12/1967,0.181
137,34.6883172,-119.3503948,10/30/1967,0
137,34.6883172,-119.3503948,4/25/1968,0
137,34.6883172,-119.3503948,9/23/1968,0.11295
137,34.6883172,-119.3503948,5/19/1969,3.27555
137,34.6883172,-119.3503948,10/3/1969,0.15813
137,34.6883172,-119.3503948,3/23/1970,1.3554
137,34.6883172,-119.3503948,3/23/1970,1.36
137,34.6883172,-119.3503948,9/15/1970,0
137,34.6883172,-119.3503948,3/22/1971,0
137,34.6883172,-119.3503948,9/22/1971,0
137,34.6883172,-119.3503948,3/13/1972,0.74547
137,34.6883172,-119.3503948,3/13/1972,0.745
137,34.6883172,-119.3503948,4/19/1972,1.3554
137,34.6883172,-119.3503948,11/3/1972,0.09036
137,34.6883172,-119.3503948,11/3/1972,0.09
137,34.6883172,-119.3503948,10/18/1973,0.18072
137,34.6883172,-119.3503948,10/18/1973,0.181
137,34.6883172,-119.3503948,5/29/1974,0.271
137,34.6883172,-119.3503948,10/25/1974,0
137,34.6883172,-119.3503948,5/13/1975,0
142,34.69303924,-119.3537283,10/24/1966,0.407
142,34.69303924,-119.3537283,3/23/1970,14.5
142,34.69303924,-119.3537283,9/15/1970,0.226
142,34.69303924,-119.3537283,3/22/1971,12.2
142,34.69303924,-119.3537283,9/22/1971,14.2
142,34.69303924,-119.3537283,3/13/1972,10.4
142,34.69303924,-119.3537283,11/3/1972,10.8
142,34.69303924,-119.3537283,5/23/1973,0.361
151,34.6952611,-119.2976146,5/29/1974,0.113
151,34.6952611,-119.2976146,10/30/1967,0.452
151,34.6952611,-119.2976146,10/30/1967,0.4518
151,34.6952611,-119.2976146,10/30/1967,0.452
151,34.6952611,-119.2976146,3/23/1970,0.113
151,34.6952611,-119.2976146,3/23/1970,0.11295
151,34.6952611,-119.2976146,3/23/1970,0.113
151,34.6952611,-119.2976146,9/15/1970,0.452
151,34.6952611,-119.2976146,9/15/1970,0.4518
151,34.6952611,-119.2976146,9/15/1970,0.452
151,34.6952611,-119.2976146,3/22/1971,0
151,34.6952611,-119.2976146,9/22/1971,0
151,34.6952611,-119.2976146,3/13/1972,0
151,34.6952611,-119.2976146,5/23/1973,0.407
151,34.6952611,-119.2976146,5/23/1973,0.40662
151,34.6952611,-119.2976146,5/23/1973,0.407
151,34.6952611,-119.2976146,5/29/1974,0.113
151,34.6952611,-119.2976146,5/29/1974,0.11295
152,34.69527778,-119.3213889,4/23/2008,0.15
155,34.69553914,-119.3545617,4/19/1972,6.3252
155,34.69553914,-119.3545617,6/23/1977,7.9065
156,34.69638889,-119.321111,4/9/2008,0.05
164,34.69970549,-119.3228936,10/30/1967,0.4518
164,34.69970549,-119.3228936,10/30/1967,0.452
164,34.69970549,-119.3228936,9/23/1969,0.51957
164,34.69970549,-119.3228936,9/15/1970,0.56475
164,34.69970549,-119.3228936,9/15/1970,0.565
164,34.69970549,-119.3228936,3/14/1972,0
164,34.69970549,-119.3228936,5/17/1972,0
164,34.69970549,-119.3228936,5/23/1973,1.3554
165,34.70470527,-119.3215046,3/2/1965,1.1295
165,34.70470527,-119.3215046,4/26/1972,2.4849
17,34.8178611,-119.4595,3/28/1965,0
171,34.7091498,-119.3787295,5/12/1976,0
171,34.7091498,-119.3787295,5/23/1972,0
175,34.72053818,-119.3692847,6/23/1977,0.2259
18,34.98997666,-119.775412,4/6/1966,0.452
18,34.98997666,-119.775412,4/6/1966,0.4518
18,34.98997666,-119.775412,4/6/1966,0.452
182,34.7297045,-119.3765072,11/2/1967,1.81
182,34.7297045,-119.3765072,11/2/1967,1.8072
182,34.7297045,-119.3765072,11/2/1967,1.81
188,34.75025938,-119.4101199,4/27/1972,4.2921
188,34.75025938,-119.4101199,7/26/1976,0
19,35.02969785,-119.848469,4/5/1966,0.565
19,35.02969785,-119.848469,4/5/1966,0.56475
19,35.02969785,-119.848469,4/5/1966,0.565
190,34.75359265,-119.4278985,3/2/1965,0.9036
190,34.75359265,-119.4278985,3/2/1965,0.904
191,34.7708141,-119.430954,9/23/1968,0.226
191,34.7708141,-119.430954,10/3/1969,0.339
191,34.7708141,-119.430954,10/3/1969,0.33885
191,34.7708141,-119.430954,10/3/1969,0.339
191,34.7708141,-119.430954,3/23/1970,0.31626
191,34.7708141,-119.430954,3/23/1970,0.316
191,34.7708141,-119.430954,9/15/1970,0.27108
191,34.7708141,-119.430954,9/15/1970,0.271
191,34.7708141,-119.430954,3/22/1971,0
191,34.7708141,-119.430954,9/22/1971,0.226
191,34.7708141,-119.430954,9/22/1971,0.2259
191,34.7708141,-119.430954,9/22/1971,0.226
191,34.7708141,-119.430954,3/13/1972,0.226
191,34.7708141,-119.430954,3/13/1972,0.2259
191,34.7708141,-119.430954,3/13/1972,0.226
191,34.7708141,-119.430954,5/23/1973,0.678
191,34.7708141,-119.430954,5/23/1973,0.6777
191,34.7708141,-119.430954,5/23/1973,0.678
191,34.7708141,-119.430954,5/29/1974,0.678
191,34.7708141,-119.430954,5/29/1974,0.6777
191,34.7708141,-119.430954,5/29/1974,0.678
191,34.7708141,-119.430954,10/18/1977,0.74547
191,34.7708141,-119.430954,10/18/1977,0.745
191,34.7708141,-119.430954,10/30/1967,0.452
191,34.7708141,-119.430954,10/30/1967,0.4518
191,34.7708141,-119.430954,10/30/1967,0.452
191,34.7708141,-119.430954,9/23/1968,0.226
191,34.7708141,-119.430954,9/23/1968,0.2259
198,34.79025767,-119.4201202,11/2/1967,0.452
198,34.79025767,-119.4201202,11/2/1967,0.4518
198,34.79025767,-119.4201202,11/2/1967,0.452
20,35.01497609,-119.8354135,3/11/1966,0
204,34.79444444,-119.38,8/18/2011,0.890046
204,34.79444444,-119.38,8/18/2011,0.89
206,34.79581306,-119.4373431,3/2/1965,0
21,34.9458065,-119.455954,5/5/1966,22.8
21,34.9458065,-119.455954,5/5/1966,22.59
21,34.9458065,-119.455954,5/5/1966,22.8
213,34.8072222,-119.4538333,7/14/1966,1.1295
213,34.8072222,-119.4538333,7/14/1966,1.13
216,34.80805556,-119.4489722,4/28/1972,0
216,34.80805556,-119.4489722,6/8/1978,1.8072
218,34.80859035,-119.4570662,3/2/1965,0
219,34.8091458,-119.44401,4/28/1972,2.9367
219,34.8091458,-119.44401,6/24/1977,0
22,34.93636249,-119.465399,5/5/1966,8.5842
22,34.93636249,-119.465399,5/5/1966,8.58
226,34.8165,-119.469,8/18/2011,1.72136
226,34.8165,-119.469,8/18/2011,1.72
227,34.81664649,-119.5570705,7/1/1966,0.248
227,34.81664649,-119.5570705,8/17/2011,0.155
239,34.8210897,-119.439843,6/16/1966,0.38403
239,34.8210897,-119.439843,6/16/1966,0.384
239,34.8210897,-119.439843,4/28/1972,7.4547
239,34.8210897,-119.439843,6/24/1977,1.8072
239,34.8210897,-119.439843,6/8/1978,1.8072
242,34.82641667,-119.4654444,7/18/2012,18.0268
242,34.82641667,-119.4654444,7/18/2012,18
249,34.82997835,-119.471511,6/30/1966,0.452
251,34.8319223,-119.3615062,6/16/1966,6.78
259,34.83803316,-119.3645619,6/16/1966,1.24
26,34.93441946,-119.5676257,4/27/1964,0.949
26,34.93441946,-119.5676257,5/16/1975,2.03
26,34.93441946,-119.5676257,4/27/1964,0.94878
26,34.93441946,-119.5676257,9/28/1978,1.49094
26,34.93441946,-119.5676257,4/27/1964,0.949
26,34.93441946,-119.5676257,9/28/1964,0.904
26,34.93441946,-119.5676257,9/28/1964,0.9036
26,34.93441946,-119.5676257,9/28/1964,0.904
26,34.93441946,-119.5676257,4/27/1965,0.904
26,34.93441946,-119.5676257,4/27/1965,0.9036
26,34.93441946,-119.5676257,4/27/1965,0.904
26,34.93441946,-119.5676257,9/28/1965,0.904
26,34.93441946,-119.5676257,9/28/1965,0.9036
26,34.93441946,-119.5676257,9/28/1965,0.904
26,34.93441946,-119.5676257,4/26/1966,0.904
26,34.93441946,-119.5676257,4/26/1966,0.9036
26,34.93441946,-119.5676257,8/6/1953,5.8734
26,34.93441946,-119.5676257,4/26/1966,0.904
26,34.93441946,-119.5676257,8/6/1953,5.87
26,34.93441946,-119.5676257,10/26/1966,1.08432
26,34.93441946,-119.5676257,12/17/1958,3.1626
26,34.93441946,-119.5676257,10/26/1966,1.08
26,34.93441946,-119.5676257,12/17/1958,3.16
26,34.93441946,-119.5676257,5/12/1967,1.5813
26,34.93441946,-119.5676257,10/6/1959,2.26
26,34.93441946,-119.5676257,5/12/1967,1.58
26,34.93441946,-119.5676257,10/6/1959,2.259
26,34.93441946,-119.5676257,4/25/1968,2.0331
26,34.93441946,-119.5676257,10/6/1959,2.26
26,34.93441946,-119.5676257,4/25/1968,2.03
26,34.93441946,-119.5676257,7/6/1960,2.4849
26,34.93441946,-119.5676257,3/22/1971,2.4849
26,34.93441946,-119.5676257,7/6/1960,2.48
26,34.93441946,-119.5676257,3/22/1971,2.48
26,34.93441946,-119.5676257,4/7/1961,1.54
26,34.93441946,-119.5676257,9/22/1971,2.26
26,34.93441946,-119.5676257,4/7/1961,1.53612
26,34.93441946,-119.5676257,4/7/1961,1.54
26,34.93441946,-119.5676257,9/22/1971,2.259
26,34.93441946,-119.5676257,10/4/1961,4.07
26,34.93441946,-119.5676257,9/22/1971,2.26
26,34.93441946,-119.5676257,10/4/1961,4.0662
26,34.93441946,-119.5676257,3/13/1972,2.94
26,34.93441946,-119.5676257,10/4/1961,4.07
26,34.93441946,-119.5676257,3/13/1972,2.9367
26,34.93441946,-119.5676257,6/14/1962,1.3554
26,34.93441946,-119.5676257,3/13/1972,2.94
26,34.93441946,-119.5676257,5/23/1973,2.259
26,34.93441946,-119.5676257,9/25/1962,1.1295
26,34.93441946,-119.5676257,5/28/1963,1.67166
26,34.93441946,-119.5676257,5/28/1974,2.259
26,34.93441946,-119.5676257,9/25/1963,2.7108
26,34.93441946,-119.5676257,5/16/1975,2.0331
269,34.85216667,-119.4838889,9/16/2008,4.6
271,34.8521996,-119.4837337,9/27/1957,2.94
271,34.8521996,-119.4837337,5/26/1958,1.04
271,34.8521996,-119.4837337,9/22/1958,1.13
271,34.8521996,-119.4837337,7/6/1960,1.13
271,34.8521996,-119.4837337,9/25/1962,0.452
271,34.8521996,-119.4837337,4/25/1963,1.97
271,34.8521996,-119.4837337,9/25/1963,3.84
271,34.8521996,-119.4837337,4/27/1964,1.24
271,34.8521996,-119.4837337,9/28/1964,1.13
271,34.8521996,-119.4837337,4/27/1965,0.904
271,34.8521996,-119.4837337,9/28/1965,0.904
271,34.8521996,-119.4837337,4/26/1966,0.791
271,34.8521996,-119.4837337,5/12/1967,1.02
271,34.8521996,-119.4837337,10/31/1967,1.13
271,34.8521996,-119.4837337,4/25/1968,1.22
271,34.8521996,-119.4837337,3/23/1970,1.02
271,34.8521996,-119.4837337,9/15/1970,1.24
271,34.8521996,-119.4837337,3/22/1971,1.13
271,34.8521996,-119.4837337,9/22/1971,0.904
271,34.8521996,-119.4837337,3/13/1972,1.36
271,34.8521996,-119.4837337,5/23/1973,2.94
271,34.8521996,-119.4837337,10/18/1973,2.94
271,34.8521996,-119.4837337,5/28/1974,3.16
271,34.8521996,-119.4837337,5/16/1975,3.39
271,34.8521996,-119.4837337,10/18/1977,4.29
275,34.8638661,-119.5181796,7/1/1966,0.452
275,34.8638661,-119.5181796,7/1/1966,0.4518
275,34.8638661,-119.5181796,7/1/1966,0.452
276,34.86497685,-119.489845,6/6/1966,1.08432
276,34.86497685,-119.489845,6/6/1966,1.08
28,34.9366408,-119.5259572,9/15/1970,1.24
28,34.9366408,-119.5259572,3/22/1971,1.5813
28,34.9366408,-119.5259572,3/22/1971,1.58
28,34.9366408,-119.5259572,9/22/1971,1.47
28,34.9366408,-119.5259572,9/22/1971,1.46835
28,34.9366408,-119.5259572,8/6/1953,0.85842
28,34.9366408,-119.5259572,9/22/1971,1.47
28,34.9366408,-119.5259572,8/6/1953,0.858
28,34.9366408,-119.5259572,3/13/1972,0
28,34.9366408,-119.5259572,5/20/1954,0.407
28,34.9366408,-119.5259572,5/23/1973,2.259
28,34.9366408,-119.5259572,5/20/1954,0.40662
28,34.9366408,-119.5259572,5/28/1974,2.259
28,34.9366408,-119.5259572,5/20/1954,0.407
28,34.9366408,-119.5259572,5/1/1975,17.4
28,34.9366408,-119.5259572,12/17/1958,5.4216
28,34.9366408,-119.5259572,5/16/1975,17.3943
28,34.9366408,-119.5259572,12/17/1958,5.42
28,34.9366408,-119.5259572,10/18/1977,2.7108
28,34.9366408,-119.5259572,7/28/1959,2.7108
28,34.9366408,-119.5259572,10/18/1977,2.71
28,34.9366408,-119.5259572,7/28/1959,2.71
28,34.9366408,-119.5259572,6/14/1962,0.9036
28,34.9366408,-119.5259572,9/25/1962,0.9036
28,34.9366408,-119.5259572,4/25/1963,1.96533
28,34.9366408,-119.5259572,4/27/1964,1.02
28,34.9366408,-119.5259572,4/27/1964,1.01655
28,34.9366408,-119.5259572,4/27/1964,1.02
28,34.9366408,-119.5259572,9/28/1964,0.904
28,34.9366408,-119.5259572,9/28/1964,0.9036
28,34.9366408,-119.5259572,9/28/1964,0.904
28,34.9366408,-119.5259572,4/27/1965,1.13
28,34.9366408,-119.5259572,4/27/1965,1.1295
28,34.9366408,-119.5259572,4/27/1965,1.13
28,34.9366408,-119.5259572,4/26/1966,1.06173
28,34.9366408,-119.5259572,4/26/1966,1.06
28,34.9366408,-119.5259572,5/19/1969,1.3554
28,34.9366408,-119.5259572,3/24/1970,0.226
28,34.9366408,-119.5259572,3/24/1970,0.2259
28,34.9366408,-119.5259572,3/24/1970,0.226
28,34.9366408,-119.5259572,9/15/1970,1.24245
284,34.86914359,-119.514846,4/25/1968,0.384
284,34.86914359,-119.514846,10/26/1966,0.655
284,34.86914359,-119.514846,5/12/1967,0.52
284,34.86914359,-119.514846,10/31/1967,0.226
286,34.87108886,-119.5715152,5/6/1966,2.71
29,34.9177525,-119.5123456,5/5/1966,0.74547
29,34.9177525,-119.5123456,5/5/1966,0.745
292,34.8841426,-119.4773443,5/12/1966,3.8403
292,34.8841426,-119.4773443,5/12/1966,3.84
292,34.8841426,-119.4773443,5/12/1967,3.68217
292,34.8841426,-119.4773443,5/12/1967,3.68
292,34.8841426,-119.4773443,5/12/1967,3.6144
292,34.8841426,-119.4773443,5/12/1967,3.68
293,34.8841449,-119.6354069,10/21/1967,1.81
293,34.8841449,-119.6354069,10/21/1967,1.8072
293,34.8841449,-119.6354069,10/21/1967,1.81
305,34.89025509,-119.5931827,5/5/1966,0.181
309,34.89391667,-119.5468889,8/11/2011,0.882
31,34.9199751,-119.5401246,8/6/1953,1.37799
31,34.9199751,-119.5401246,8/6/1953,1.38
31,34.9199751,-119.5401246,8/6/1953,1.38
313,34.8966455,-119.6990207,10/22/1967,0.904
313,34.8966455,-119.6990207,10/22/1967,0.9036
313,34.8966455,-119.6990207,10/22/1967,0.904
314,34.8971993,-119.5981829,10/20/1967,0.33885
314,34.8971993,-119.5981829,10/20/1967,0.339
316,34.89771667,-119.542125,11/5/2009,1.37
317,34.89771667,-119.542125,11/5/2009,0.734
318,34.89771667,-119.542125,11/4/2009,0.533124
318,34.89771667,-119.542125,11/4/2009,0.533
319,34.89803184,-119.5520697,9/28/1978,0.74547
319,34.89803184,-119.5520697,5/20/1954,1.83
319,34.89803184,-119.5520697,5/20/1954,1.82979
322,34.89978056,-119.657725,11/3/2009,0
324,34.89978056,-119.657725,11/4/2009,0
325,34.89978056,-119.657725,11/4/2009,1.01
33,34.90747536,-119.5226239,9/28/1978,1.01655
331,34.90608766,-119.5870712,3/20/1947,2.94
333,34.90747627,-119.5742929,9/23/1966,0.7
333,34.90747627,-119.5742929,9/23/1966,0.70029
336,34.908865,-119.5692926,4/25/1968,8.58
336,34.908865,-119.5692926,5/12/1967,7.91
336,34.908865,-119.5692926,10/26/1966,5.65
336,34.908865,-119.5692926,5/10/1966,6.78
336,34.908865,-119.5692926,4/27/1965,8.81
336,34.908865,-119.5692926,9/28/1964,7
336,34.908865,-119.5692926,4/27/1964,7.91
336,34.908865,-119.5692926,9/25/1963,10.4
336,34.908865,-119.5692926,4/25/1963,7.45
336,34.908865,-119.5692926,9/25/1962,5.2
336,34.908865,-119.5692926,10/4/1961,6.55
336,34.908865,-119.5692926,4/7/1961,7.91
336,34.908865,-119.5692926,10/6/1959,6.55
336,34.908865,-119.5692926,6/14/1942,7.23
337,34.9091427,-119.564848,5/20/1954,10.1655
337,34.9091427,-119.564848,5/20/1954,10.2
337,34.9091427,-119.564848,8/6/1953,7
337,34.9091427,-119.564848,8/6/1953,7.0029
337,34.9091427,-119.564848,3/20/1947,1.58
337,34.9091427,-119.564848,3/20/1947,1.5813
337,34.9091427,-119.564848,5/20/1954,10.2
338,34.91053079,-119.5229017,8/6/1953,0.971
339,34.9110873,-119.5781819,8/11/1942,3.16
34,34.9805306,-119.6637408,9/23/1966,0.113
34,34.9805306,-119.6637408,9/23/1966,0.11295
34,34.9805306,-119.6637408,9/23/1966,0.113
341,34.9119206,-119.5787375,7/28/1959,19
341,34.9119206,-119.5787375,5/20/1954,0.655
346,34.9130318,-119.5876268,5/20/1954,80.2
346,34.9130318,-119.5876268,8/6/1953,60.5
346,34.9130318,-119.5876268,3/20/1942,2.71
35,34.97275298,-119.6559627,8/6/1953,0.60993
35,34.97275298,-119.6559627,9/23/1968,0.60993
35,34.97275298,-119.6559627,6/24/1958,0.904
35,34.97275298,-119.6559627,5/19/1969,0.6777
35,34.97275298,-119.6559627,6/24/1958,0.9036
35,34.97275298,-119.6559627,10/3/1969,0.63252
35,34.97275298,-119.6559627,6/24/1958,0.904
35,34.97275298,-119.6559627,3/24/1970,0.791
35,34.97275298,-119.6559627,4/24/1959,0.452
35,34.97275298,-119.6559627,3/24/1970,0.79065
35,34.97275298,-119.6559627,4/24/1959,0.4518
35,34.97275298,-119.6559627,3/24/1970,0.791
35,34.97275298,-119.6559627,4/24/1959,0.452
35,34.97275298,-119.6559627,9/15/1970,0.58734
35,34.97275298,-119.6559627,7/6/1960,0.81324
35,34.97275298,-119.6559627,9/15/1970,0.587
35,34.97275298,-119.6559627,7/6/1960,0.813
35,34.97275298,-119.6559627,3/23/1971,0
35,34.97275298,-119.6559627,4/25/1963,1.2
35,34.97275298,-119.6559627,4/7/1961,3.39
35,34.97275298,-119.6559627,9/21/1971,0.678
35,34.97275298,-119.6559627,4/25/1963,1.19727
35,34.97275298,-119.6559627,4/7/1961,3.3885
35,34.97275298,-119.6559627,9/21/1971,0.6777
35,34.97275298,-119.6559627,4/25/1963,1.1295
35,34.97275298,-119.6559627,4/7/1961,3.39
35,34.97275298,-119.6559627,9/21/1971,0.678
35,34.97275298,-119.6559627,4/25/1963,1.2
35,34.97275298,-119.6559627,9/23/1962,0.407
35,34.97275298,-119.6559627,3/13/1972,1.36
35,34.97275298,-119.6559627,9/25/1963,3.6144
35,34.97275298,-119.6559627,9/23/1962,0.40662
35,34.97275298,-119.6559627,3/13/1972,1.3554
35,34.97275298,-119.6559627,9/25/1963,3.61
35,34.97275298,-119.6559627,9/23/1962,0.407
35,34.97275298,-119.6559627,3/13/1972,1.36
35,34.97275298,-119.6559627,4/27/1964,0.339
35,34.97275298,-119.6559627,9/25/1962,0.40662
35,34.97275298,-119.6559627,5/23/1973,0.9036
35,34.97275298,-119.6559627,4/27/1964,0.33885
35,34.97275298,-119.6559627,5/28/1974,0.97137
35,34.97275298,-119.6559627,4/27/1964,0.339
35,34.97275298,-119.6559627,9/28/1964,0.904
35,34.97275298,-119.6559627,5/28/1974,0.971
35,34.97275298,-119.6559627,9/28/1964,0.9036
35,34.97275298,-119.6559627,10/25/1974,0.949
35,34.97275298,-119.6559627,9/28/1964,0.904
35,34.97275298,-119.6559627,10/25/1974,0.94878
35,34.97275298,-119.6559627,4/27/1965,0.565
35,34.97275298,-119.6559627,10/25/1974,0.949
35,34.97275298,-119.6559627,5/16/1975,0.994
35,34.97275298,-119.6559627,4/27/1965,0.56475
35,34.97275298,-119.6559627,5/16/1975,0.99396
35,34.97275298,-119.6559627,4/27/1965,0.565
35,34.97275298,-119.6559627,5/16/1975,0.994
35,34.97275298,-119.6559627,9/28/1965,0.678
35,34.97275298,-119.6559627,10/18/1977,0.723
35,34.97275298,-119.6559627,9/28/1965,0.6777
35,34.97275298,-119.6559627,10/18/1977,0.72288
35,34.97275298,-119.6559627,9/28/1965,0.678
35,34.97275298,-119.6559627,10/18/1977,0.723
35,34.97275298,-119.6559627,5/12/1967,1.97
35,34.97275298,-119.6559627,5/12/1967,1.96533
35,34.97275298,-119.6559627,5/12/1967,1.97
35,34.97275298,-119.6559627,10/21/1967,0.678
35,34.97275298,-119.6559627,10/21/1967,0.6777
35,34.97275298,-119.6559627,10/21/1967,0.678
353,34.91525516,-119.6542964,10/18/1977,1.87
353,34.91525516,-119.6542964,5/16/1975,1.97
353,34.91525516,-119.6542964,5/23/1973,1.9
353,34.91525516,-119.6542964,3/13/1972,2.26
353,34.91525516,-119.6542964,9/21/1971,2.71
353,34.91525516,-119.6542964,3/22/1971,1.58
353,34.91525516,-119.6542964,9/15/1970,2.08
353,34.91525516,-119.6542964,3/24/1970,2.71
353,34.91525516,-119.6542964,6/17/1966,6.78
355,34.91608846,-119.6542964,9/23/1968,3.1626
36,34.96664217,-119.659574,7/22/1996,0.910377
36,34.96664217,-119.659574,7/22/1996,0.91
36,34.96664217,-119.659574,7/21/1998,0.879
36,34.96664217,-119.659574,7/21/1998,0.878751
36,34.96664217,-119.659574,7/21/1998,0.879
36,34.96664217,-119.659574,7/27/2001,0.922
36,34.96664217,-119.659574,7/27/2001,0.921672
36,34.96664217,-119.659574,7/27/2001,0.922
36,34.96664217,-119.659574,7/30/2002,0.984924
36,34.96664217,-119.659574,7/30/2002,0.984
36,34.96664217,-119.659574,7/18/2003,0.973629
36,34.96664217,-119.659574,7/18/2003,0.973
36,34.96664217,-119.659574,7/18/2006,1.07
36,34.96664217,-119.659574,7/18/2006,1.06851
36,34.96664217,-119.659574,7/18/2006,1.07
367,34.9199746,-119.5123456,9/28/1978,7.63542
37,34.93441924,-119.5554029,9/15/1970,3.84
37,34.93441924,-119.5554029,10/6/1959,7.23
37,34.93441924,-119.5554029,3/22/1971,3.39
37,34.93441924,-119.5554029,10/6/1959,7.2288
37,34.93441924,-119.5554029,3/22/1971,3.3885
37,34.93441924,-119.5554029,10/6/1959,7.23
37,34.93441924,-119.5554029,3/22/1971,3.39
37,34.93441924,-119.5554029,9/25/1962,6.5511
37,34.93441924,-119.5554029,9/22/1971,3.6144
37,34.93441924,-119.5554029,4/25/1963,9.9396
37,34.93441924,-119.5554029,9/22/1971,3.61
37,34.93441924,-119.5554029,9/25/1963,9.2619
37,34.93441924,-119.5554029,3/13/1972,6.43815
37,34.93441924,-119.5554029,4/27/1964,8.1324
37,34.93441924,-119.5554029,3/13/1972,6.33
37,34.93441924,-119.5554029,4/27/1964,8.13
37,34.93441924,-119.5554029,3/13/1972,6.3252
37,34.93441924,-119.5554029,9/28/1964,9.49
37,34.93441924,-119.5554029,3/13/1972,6.33
37,34.93441924,-119.5554029,9/28/1964,9.4878
37,34.93441924,-119.5554029,5/23/1973,6.5511
37,34.93441924,-119.5554029,9/28/1964,9.49
37,34.93441924,-119.5554029,5/28/1974,6.3252
37,34.93441924,-119.5554029,4/27/1965,7.91
37,34.93441924,-119.5554029,5/1/1975,6.1
37,34.93441924,-119.5554029,4/27/1965,7.9065
37,34.93441924,-119.5554029,5/16/1975,6.0993
37,34.93441924,-119.5554029,4/27/1965,7.91
37,34.93441924,-119.5554029,10/18/1977,14.9094
37,34.93441924,-119.5554029,4/26/1966,5.65
37,34.93441924,-119.5554029,10/18/1977,14.9
37,34.93441924,-119.5554029,4/26/1966,5.6475
37,34.93441924,-119.5554029,9/28/1978,7.04808
37,34.93441924,-119.5554029,4/26/1966,5.65
37,34.93441924,-119.5554029,5/12/1967,9.94
37,34.93441924,-119.5554029,5/12/1967,9.9396
37,34.93441924,-119.5554029,5/12/1967,9.94
37,34.93441924,-119.5554029,10/23/1967,10.2
37,34.93441924,-119.5554029,10/23/1967,10.1655
37,34.93441924,-119.5554029,10/23/1967,10.2
37,34.93441924,-119.5554029,4/25/1968,5.4216
37,34.93441924,-119.5554029,8/6/1953,4.31469
37,34.93441924,-119.5554029,4/25/1968,5.42
37,34.93441924,-119.5554029,8/6/1953,4.2921
37,34.93441924,-119.5554029,9/23/1968,5.08275
37,34.93441924,-119.5554029,8/6/1953,4.29
37,34.93441924,-119.5554029,5/19/1969,4.9698
37,34.93441924,-119.5554029,10/3/1969,7.4547
37,34.93441924,-119.5554029,5/20/1954,3.1626
37,34.93441924,-119.5554029,3/24/1970,4.07
37,34.93441924,-119.5554029,5/20/1954,3.16
37,34.93441924,-119.5554029,3/24/1970,4.0662
37,34.93441924,-119.5554029,12/17/1958,4.97
37,34.93441924,-119.5554029,3/24/1970,4.07
37,34.93441924,-119.5554029,12/17/1958,4.9698
37,34.93441924,-119.5554029,9/15/1970,3.8403
37,34.93441924,-119.5554029,12/17/1958,4.97
370,34.91997539,-119.5542919,9/28/1978,1.42317
376,34.9202539,-119.596516,10/26/1966,4.74
376,34.9202539,-119.596516,5/5/1966,4.97
376,34.9202539,-119.596516,9/28/1965,4.74
376,34.9202539,-119.596516,4/27/1965,4.07
376,34.9202539,-119.596516,9/28/1964,3.84
376,34.9202539,-119.596516,4/27/1964,3.16
376,34.9202539,-119.596516,9/25/1963,6.1
376,34.9202539,-119.596516,4/25/1963,4.29
376,34.9202539,-119.596516,9/25/1962,3.39
376,34.9202539,-119.596516,6/14/1962,4.07
376,34.9202539,-119.596516,10/11/1960,4.29
376,34.9202539,-119.596516,5/16/1975,16.9
376,34.9202539,-119.596516,5/23/1973,13.6
376,34.9202539,-119.596516,9/22/1971,13.1
376,34.9202539,-119.596516,3/22/1971,9.49
376,34.9202539,-119.596516,4/25/1968,4.97
376,34.9202539,-119.596516,10/20/1967,7.68
376,34.9202539,-119.596516,5/24/1967,7.45
381,34.92525324,-119.5706815,3/20/1947,2.48
385,34.92664496,-119.7281885,8/18/1966,0.09
385,34.92664496,-119.7281885,10/11/1965,0.113
385,34.92664496,-119.7281885,2/18/1953,0.497
385,34.92664496,-119.7281885,2/18/1953,0.633
385,34.92664496,-119.7281885,2/18/1953,1.4
386,34.92691928,-119.54068,8/6/1953,5.65
387,34.9269204,-119.6015162,7/14/1956,4.07
39,34.9199761,-119.5956826,3/20/1947,3.16
39,34.9199761,-119.5956826,8/6/1953,63.7
39,34.9199761,-119.5956826,4/20/1954,56
39,34.9199761,-119.5956826,12/17/1958,93.7
39,34.9199761,-119.5956826,7/28/1959,13.1
392,34.9271982,-119.6045719,7/14/1966,94.9
392,34.9271982,-119.6045719,7/14/1966,94.878
392,34.9271982,-119.6045719,7/14/1966,94.9
392,34.9271982,-119.6045719,5/20/1954,82.5
392,34.9271982,-119.6045719,5/20/1954,81.324
392,34.9271982,-119.6045719,5/20/1954,82.5
392,34.9271982,-119.6045719,8/6/1953,83.4
392,34.9271982,-119.6045719,8/6/1953,83.3571
392,34.9271982,-119.6045719,8/6/1953,83.4
392,34.9271982,-119.6045719,8/6/1953,83.583
393,34.92741667,-119.6303056,4/25/1968,1.24
393,34.92741667,-119.6303056,4/25/1968,1.24245
395,34.9274758,-119.5956826,3/20/1947,2.15
398,34.92747698,-119.6581854,4/20/1954,0.949
398,34.92747698,-119.6581854,4/20/1954,0.94878
398,34.92747698,-119.6581854,4/20/1954,0.949
40,34.86831006,-119.4973453,4/26/1966,0.904
40,34.86831006,-119.4973453,4/26/1966,0.9036
40,34.86831006,-119.4973453,4/26/1966,0.904
400,34.9275833,-119.6617222,3/14/1972,0.271
400,34.9275833,-119.6617222,3/14/1972,0.27108
400,34.9275833,-119.6617222,6/14/1962,0.226
400,34.9275833,-119.6617222,6/14/1962,0.2259
400,34.9275833,-119.6617222,10/11/1960,0.565
400,34.9275833,-119.6617222,10/11/1960,0.56475
400,34.9275833,-119.6617222,9/10/1959,0.452
400,34.9275833,-119.6617222,9/10/1959,0.4518
400,34.9275833,-119.6617222,5/27/1959,0.678
400,34.9275833,-119.6617222,5/27/1959,0.6777
400,34.9275833,-119.6617222,5/26/1958,0.339
400,34.9275833,-119.6617222,5/26/1958,0.33885
405,34.92775426,-119.6315175,9/25/1962,2.15
405,34.92775426,-119.6315175,4/7/1961,1.9
405,34.92775426,-119.6315175,4/7/1961,1.89756
405,34.92775426,-119.6315175,4/7/1961,1.9
405,34.92775426,-119.6315175,10/6/1959,2.26
405,34.92775426,-119.6315175,10/6/1959,2.259
405,34.92775426,-119.6315175,10/6/1959,2.26
405,34.92775426,-119.6315175,12/17/1958,13.6
405,34.92775426,-119.6315175,12/17/1958,13.554
405,34.92775426,-119.6315175,12/17/1958,13.6
405,34.92775426,-119.6315175,5/20/1954,1.67
405,34.92775426,-119.6315175,5/20/1954,1.67166
405,34.92775426,-119.6315175,8/6/1953,1.51
405,34.92775426,-119.6315175,8/6/1953,1.51353
405,34.92775426,-119.6315175,9/23/1968,1.08432
405,34.92775426,-119.6315175,5/12/1967,4.07
405,34.92775426,-119.6315175,5/12/1967,4.0662
405,34.92775426,-119.6315175,5/12/1967,4.07
405,34.92775426,-119.6315175,10/26/1966,1.24
405,34.92775426,-119.6315175,10/26/1966,1.24245
405,34.92775426,-119.6315175,9/28/1965,2.48
405,34.92775426,-119.6315175,9/28/1965,2.4849
405,34.92775426,-119.6315175,4/27/1965,2.26
405,34.92775426,-119.6315175,4/27/1965,2.259
405,34.92775426,-119.6315175,4/27/1965,2.26
405,34.92775426,-119.6315175,4/27/1964,2.1
405,34.92775426,-119.6315175,4/27/1964,2.10087
405,34.92775426,-119.6315175,5/28/1963,3.61
405,34.92775426,-119.6315175,5/28/1963,3.6144
405,34.92775426,-119.6315175,9/25/1962,2.15
405,34.92775426,-119.6315175,9/25/1962,2.14605
406,34.92777778,-119.645,7/31/2007,0.163
406,34.92777778,-119.645,7/18/2006,0.205
407,34.92775464,-119.6526296,5/20/1954,0.994
407,34.92775464,-119.6526296,5/20/1954,0.99396
407,34.92775464,-119.6526296,5/20/1954,0.994
420,34.9311583,-119.5952556,4/7/2009,0.543
420,34.9311583,-119.5952556,4/7/2009,0.54216
420,34.9311583,-119.5952556,4/7/2009,0.543
421,34.9311583,-119.5952556,4/7/2009,7
421,34.9311583,-119.5952556,4/7/2009,7.0029
422,34.9311583,-119.5952556,4/8/2009,15.2
423,34.931087,-119.6076275,9/15/1950,5.42
423,34.931087,-119.6076275,9/15/1950,5.4216
424,34.93125,-119.6080278,8/15/2011,5.04
424,34.93125,-119.6080278,8/15/2011,5.03757
424,34.93125,-119.6080278,8/15/2011,5.04
431,34.93330974,-119.6395734,5/20/1954,0.61
431,34.93330974,-119.6395734,8/6/1953,0.971
432,34.9333098,-119.642629,8/6/1953,0.994
435,34.93358768,-119.6487405,5/20/1954,0.565
435,34.93358768,-119.6487405,8/6/1953,0.587
438,34.9341413,-119.547347,4/24/1959,3.84
438,34.9341413,-119.547347,10/26/1966,4.97
438,34.9341413,-119.547347,4/24/1959,3.8403
438,34.9341413,-119.547347,4/26/1966,4.74
438,34.9341413,-119.547347,12/17/1958,10.8
438,34.9341413,-119.547347,4/26/1966,4.7439
438,34.9341413,-119.547347,12/17/1958,10.8432
438,34.9341413,-119.547347,4/26/1966,4.78908
438,34.9341413,-119.547347,5/16/1975,6.78
438,34.9341413,-119.547347,5/26/1958,4.74
438,34.9341413,-119.547347,9/28/1965,4.52
438,34.9341413,-119.547347,5/16/1975,6.777
438,34.9341413,-119.547347,5/26/1958,4.69872
438,34.9341413,-119.547347,9/28/1965,4.518
438,34.9341413,-119.547347,5/16/1975,6.78
438,34.9341413,-119.547347,5/26/1958,4.74
438,34.9341413,-119.547347,9/28/1965,4.52
438,34.9341413,-119.547347,5/28/1974,8.1324
438,34.9341413,-119.547347,5/26/1958,4.7439
438,34.9341413,-119.547347,4/27/1965,5.42
438,34.9341413,-119.547347,5/23/1973,9.9396
438,34.9341413,-119.547347,9/25/1957,5.42
438,34.9341413,-119.547347,4/27/1965,5.4216
438,34.9341413,-119.547347,3/13/1972,6.55
438,34.9341413,-119.547347,9/25/1957,5.4216
438,34.9341413,-119.547347,9/28/1964,3.61
438,34.9341413,-119.547347,3/13/1972,6.5511
438,34.9341413,-119.547347,5/20/1954,6.1
438,34.9341413,-119.547347,9/28/1964,3.6144
438,34.9341413,-119.547347,9/22/1971,6.1
438,34.9341413,-119.547347,5/20/1954,6.0993
438,34.9341413,-119.547347,4/27/1964,7.23
438,34.9341413,-119.547347,9/22/1971,6.0993
438,34.9341413,-119.547347,5/20/1954,6.1
438,34.9341413,-119.547347,4/27/1964,7.2288
438,34.9341413,-119.547347,9/22/1971,6.1
438,34.9341413,-119.547347,8/6/1953,4.74
438,34.9341413,-119.547347,4/27/1964,7.23
438,34.9341413,-119.547347,3/22/1971,5.65
438,34.9341413,-119.547347,8/6/1953,4.7439
438,34.9341413,-119.547347,9/25/1963,6.33
438,34.9341413,-119.547347,3/22/1971,5.6475
438,34.9341413,-119.547347,9/25/1963,6.3252
438,34.9341413,-119.547347,3/22/1971,5.65
438,34.9341413,-119.547347,9/25/1963,6.33
438,34.9341413,-119.547347,9/15/1970,5.42
438,34.9341413,-119.547347,4/25/1963,4.97
438,34.9341413,-119.547347,9/15/1970,5.4216
438,34.9341413,-119.547347,4/25/1963,4.9698
438,34.9341413,-119.547347,9/15/1970,5.53455
438,34.9341413,-119.547347,4/25/1963,4.97
438,34.9341413,-119.547347,3/24/1970,5.42
438,34.9341413,-119.547347,9/25/1962,3.61
438,34.9341413,-119.547347,3/24/1970,5.30865
438,34.9341413,-119.547347,9/25/1962,3.6144
438,34.9341413,-119.547347,3/24/1970,5.42
438,34.9341413,-119.547347,6/14/1962,3.39
438,34.9341413,-119.547347,3/24/1970,5.4216
438,34.9341413,-119.547347,6/14/1962,3.3885
438,34.9341413,-119.547347,10/3/1969,5.4216
438,34.9341413,-119.547347,6/14/1962,3.39
438,34.9341413,-119.547347,5/19/1969,5.30865
438,34.9341413,-119.547347,4/19/1961,8.13
438,34.9341413,-119.547347,9/23/1968,4.85685
438,34.9341413,-119.547347,5/12/1967,4.52
438,34.9341413,-119.547347,4/19/1961,8.1324
438,34.9341413,-119.547347,5/12/1967,4.40505
438,34.9341413,-119.547347,7/6/1960,5.42
438,34.9341413,-119.547347,5/12/1967,4.518
438,34.9341413,-119.547347,7/6/1960,5.4216
438,34.9341413,-119.547347,5/12/1967,4.52
438,34.9341413,-119.547347,9/10/1959,4.07
438,34.9341413,-119.547347,9/10/1959,4.0662
438,34.9341413,-119.547347,10/26/1966,4.97
438,34.9341413,-119.547347,9/10/1959,4.07
438,34.9341413,-119.547347,10/26/1966,4.9698
44,35.0074762,-119.8062461,4/6/1966,0.678
44,35.0074762,-119.8062461,4/6/1966,0.6777
44,35.0074762,-119.8062461,4/6/1966,0.678
440,34.93441885,-119.5348465,4/25/1968,7.2288
440,34.93441885,-119.5348465,4/25/1968,7.23
440,34.93441885,-119.5348465,10/23/1967,6.1
440,34.93441885,-119.5348465,10/23/1967,6.0993
440,34.93441885,-119.5348465,10/23/1967,6.1
440,34.93441885,-119.5348465,5/12/1967,4.52
440,34.93441885,-119.5348465,5/12/1967,4.40505
440,34.93441885,-119.5348465,5/12/1967,4.518
440,34.93441885,-119.5348465,5/12/1967,4.52
440,34.93441885,-119.5348465,10/26/1966,12.7
440,34.93441885,-119.5348465,10/26/1966,12.6504
440,34.93441885,-119.5348465,10/26/1966,12.7
440,34.93441885,-119.5348465,5/5/1966,2.48
440,34.93441885,-119.5348465,5/5/1966,2.4849
440,34.93441885,-119.5348465,8/4/1945,1.72
440,34.93441885,-119.5348465,8/4/1945,1.71684
440,34.93441885,-119.5348465,3/13/1972,4.97
440,34.93441885,-119.5348465,8/4/1945,1.72
440,34.93441885,-119.5348465,3/13/1972,4.9698
440,34.93441885,-119.5348465,3/13/1972,4.97
440,34.93441885,-119.5348465,9/22/1971,6.1
440,34.93441885,-119.5348465,9/22/1971,6.0993
440,34.93441885,-119.5348465,9/22/1971,6.1
440,34.93441885,-119.5348465,3/22/1971,5.87
440,34.93441885,-119.5348465,3/22/1971,5.8734
440,34.93441885,-119.5348465,9/15/1970,6.78
440,34.93441885,-119.5348465,9/15/1970,6.777
440,34.93441885,-119.5348465,9/15/1970,6.78
440,34.93441885,-119.5348465,3/24/1970,7.68
440,34.93441885,-119.5348465,3/24/1970,7.6806
440,34.93441885,-119.5348465,10/3/1969,6.43815
440,34.93441885,-119.5348465,5/19/1969,6.777
440,34.93441885,-119.5348465,9/23/1968,6.3252
440,34.93441885,-119.5348465,4/25/1968,7.23
441,34.934419,-119.5437358,7/20/1999,8.66
441,34.934419,-119.5437358,7/20/1999,8.65197
441,34.934419,-119.5437358,7/20/1999,8.66
441,34.934419,-119.5437358,7/25/1995,10
441,34.934419,-119.5437358,7/25/1995,10.0074
441,34.934419,-119.5437358,6/24/1991,8.7
441,34.934419,-119.5437358,6/24/1991,8.69715
441,34.934419,-119.5437358,6/24/1991,8.7
445,34.93441947,-119.5681813,7/13/2004,8.83269
445,34.93441947,-119.5681813,8/6/2003,8.89
445,34.93441947,-119.5681813,8/6/2003,8.87787
445,34.93441947,-119.5681813,8/6/2003,8.89
445,34.93441947,-119.5681813,7/24/2001,10.2
445,34.93441947,-119.5681813,7/24/2001,10.1429
445,34.93441947,-119.5681813,7/24/2001,10.2
445,34.93441947,-119.5681813,9/14/2000,10.5
445,34.93441947,-119.5681813,9/14/2000,10.5269
445,34.93441947,-119.5681813,7/31/2007,10.3
445,34.93441947,-119.5681813,7/31/2007,10.3236
445,34.93441947,-119.5681813,7/18/2006,9.27
445,34.93441947,-119.5681813,7/18/2006,9.28449
445,34.93441947,-119.5681813,7/14/2005,8.53
445,34.93441947,-119.5681813,7/14/2005,8.53902
445,34.93441947,-119.5681813,7/13/2004,8.82
446,34.9344195,-119.5706814,8/6/2003,5.75
446,34.9344195,-119.5706814,8/6/2003,5.76045
446,34.9344195,-119.5706814,7/30/2002,7.22
446,34.9344195,-119.5706814,7/30/2002,7.2288
446,34.9344195,-119.5706814,9/14/2000,7.58
446,34.9344195,-119.5706814,9/14/2000,7.56765
446,34.9344195,-119.5706814,9/14/2000,7.58
452,34.93608767,-119.653185,7/28/1959,50.6
452,34.93608767,-119.653185,7/28/1959,49.698
452,34.93608767,-119.653185,7/28/1959,50.6
452,34.93608767,-119.653185,7/28/1959,50.6016
452,34.93608767,-119.653185,12/17/1958,20.8
452,34.93608767,-119.653185,12/17/1958,20.7828
452,34.93608767,-119.653185,12/17/1958,20.8
452,34.93608767,-119.653185,5/20/1954,2.03
452,34.93608767,-119.653185,5/20/1954,2.0331
452,34.93608767,-119.653185,8/6/1953,18.3
452,34.93608767,-119.653185,8/6/1953,18.2979
452,34.93608767,-119.653185,8/6/1953,18.3
46,34.69359486,-119.3709514,3/2/1965,0
463,34.9377522,-119.5431801,10/23/1967,27.108
463,34.9377522,-119.5431801,10/3/1969,8.47125
463,34.9377522,-119.5431801,5/19/1969,8.1324
463,34.9377522,-119.5431801,10/23/1967,26.4
463,34.9377522,-119.5431801,10/23/1967,26.4303
465,34.9380322,-119.6620744,7/20/1999,0.178
465,34.9380322,-119.6620744,9/9/1997,0.13
465,34.9380322,-119.6620744,8/3/1993,0.1
467,34.9383333,-119.65275,7/13/2017,0.2
467,34.9383333,-119.65275,7/13/2016,0.078
467,34.9383333,-119.65275,7/17/2015,0.203
467,34.9383333,-119.65275,7/24/2014,0.177
467,34.9383333,-119.65275,7/18/2013,0.203
467,34.9383333,-119.65275,7/18/2012,0.194
472,34.93942067,-119.642629,2/7/1964,4.97
472,34.93942067,-119.642629,2/7/1964,4.9698
472,34.93942067,-119.642629,2/7/1964,4.97
474,34.94053384,-119.7640232,4/15/1966,4.29
474,34.94053384,-119.7640232,4/15/1966,4.2921
476,34.94108747,-119.6529073,11/4/1942,4.29
478,34.94136586,-119.6856865,9/27/1978,0.6777
48,34.80775705,-119.4570662,10/26/1966,0.99396
48,34.80775705,-119.4570662,5/12/1967,0.56475
48,34.80775705,-119.4570662,10/31/1967,0.6777
48,34.80775705,-119.4570662,4/28/1972,0
48,34.80775705,-119.4570662,7/23/1976,0.4518
480,34.9416409,-119.5437357,7/13/1966,56.5
480,34.9416409,-119.5437357,7/13/1966,56.475
480,34.9416409,-119.5437357,7/13/1966,56.5
484,34.94192127,-119.6792973,1/31/1953,4.74
484,34.94192127,-119.6792973,1/31/1953,4.7439
485,34.94219629,-119.5345686,9/28/1978,0.74547
486,34.94247646,-119.661241,7/18/2003,0.226
486,34.94247646,-119.661241,7/30/2002,0.097
486,34.94247646,-119.661241,7/24/2001,0.027
486,34.94247646,-119.661241,9/14/2000,0.136
487,34.94247699,-119.6887422,10/27/1949,5.65
487,34.94247699,-119.6887422,10/27/1949,5.6475
487,34.94247699,-119.6887422,10/27/1949,5.65
492,34.94470057,-119.8281918,4/14/1966,1.13
495,34.9455298,-119.5523472,7/13/1966,56.475
495,34.9455298,-119.5523472,7/13/1966,56.5
495,34.9455298,-119.5523472,7/13/1966,56.5
50,34.94108454,-119.4820663,12/17/1945,18.1
50,34.94108454,-119.4820663,12/17/1945,18.072
50,34.94108454,-119.4820663,12/17/1945,18.1
50,34.94108454,-119.4820663,12/31/1945,17.8461
50,34.94108454,-119.4820663,12/31/1945,17.8
50,34.94108454,-119.4820663,6/17/1966,9.2619
50,34.94108454,-119.4820663,6/17/1966,9.26
500,34.94608564,-119.5676256,10/26/1966,3.61
500,34.94608564,-119.5676256,10/26/1966,3.6144
500,34.94608564,-119.5676256,5/5/1966,3.61
500,34.94608564,-119.5676256,5/5/1966,3.6144
504,34.94691917,-119.5798484,5/5/1966,9.04
504,34.94691917,-119.5798484,5/5/1966,9.036
504,34.94691917,-119.5798484,5/5/1966,9.04
506,34.94914176,-119.6034605,5/5/1966,0.791
506,34.94914176,-119.6034605,5/5/1966,0.79065
506,34.94914176,-119.6034605,5/5/1966,0.791
516,34.9533114,-119.8301362,4/14/1966,3.16
516,34.9533114,-119.8301362,4/14/1966,3.1626
517,34.95469767,-119.633184,7/6/1960,0.60993
517,34.95469767,-119.633184,7/6/1960,0.61
517,34.95469767,-119.633184,10/6/1959,0.678
517,34.95469767,-119.633184,10/6/1959,0.6777
517,34.95469767,-119.633184,10/6/1959,0.678
517,34.95469767,-119.633184,11/17/1958,1.74
517,34.95469767,-119.633184,11/17/1958,1.73943
517,34.95469767,-119.633184,11/17/1958,1.74
517,34.95469767,-119.633184,9/28/1965,3.61
517,34.95469767,-119.633184,9/28/1965,3.6144
517,34.95469767,-119.633184,4/27/1965,2.48
517,34.95469767,-119.633184,4/27/1965,2.4849
517,34.95469767,-119.633184,9/28/1964,2.26
517,34.95469767,-119.633184,9/28/1964,2.259
517,34.95469767,-119.633184,9/28/1964,2.26
517,34.95469767,-119.633184,4/27/1964,2.08
517,34.95469767,-119.633184,4/27/1964,2.07828
517,34.95469767,-119.633184,4/27/1964,2.08
517,34.95469767,-119.633184,9/25/1963,3.1626
517,34.95469767,-119.633184,4/25/1963,2.4849
517,34.95469767,-119.633184,9/25/1962,1.46835
517,34.95469767,-119.633184,6/14/1962,2.7108
517,34.95469767,-119.633184,10/11/1960,0.904
517,34.95469767,-119.633184,10/11/1960,0.9036
517,34.95469767,-119.633184,10/11/1960,0.904
517,34.95469767,-119.633184,7/6/1960,0.61
519,34.95553107,-119.638462,9/28/1965,3.61
519,34.95553107,-119.638462,9/28/1965,3.6144
519,34.95553107,-119.638462,4/27/1965,2.48
519,34.95553107,-119.638462,4/27/1965,2.4849
519,34.95553107,-119.638462,9/28/1964,2.26
519,34.95553107,-119.638462,9/28/1964,2.259
519,34.95553107,-119.638462,9/28/1964,2.26
519,34.95553107,-119.638462,4/27/1964,2.08
519,34.95553107,-119.638462,4/27/1964,2.07828
519,34.95553107,-119.638462,4/27/1964,2.08
519,34.95553107,-119.638462,10/11/1960,0.904
519,34.95553107,-119.638462,10/11/1960,0.9036
519,34.95553107,-119.638462,10/11/1960,0.904
519,34.95553107,-119.638462,7/6/1960,0.61
519,34.95553107,-119.638462,7/6/1960,0.60993
519,34.95553107,-119.638462,7/6/1960,0.61
519,34.95553107,-119.638462,10/6/1959,0.678
519,34.95553107,-119.638462,10/6/1959,0.6777
519,34.95553107,-119.638462,10/6/1959,0.678
519,34.95553107,-119.638462,11/17/1958,1.74
519,34.95553107,-119.638462,11/17/1958,1.73943
519,34.95553107,-119.638462,11/17/1958,1.74
52,34.94664117,-119.5676256,10/26/1966,3.6144
520,34.95580895,-119.64374,7/30/2007,1.94
520,34.95580895,-119.64374,7/21/2003,2.47
520,34.95580895,-119.64374,7/21/2003,2.46231
520,34.95580895,-119.64374,7/21/2003,2.47
520,34.95580895,-119.64374,7/30/2002,3.12
520,34.95580895,-119.64374,7/30/2002,3.11742
520,34.95580895,-119.64374,7/30/2002,3.12
520,34.95580895,-119.64374,7/24/2001,2.26
520,34.95580895,-119.64374,7/24/2001,2.259
520,34.95580895,-119.64374,7/24/2001,2.26
520,34.95580895,-119.64374,9/14/2000,3.55
520,34.95580895,-119.64374,9/14/2000,3.54663
520,34.95580895,-119.64374,9/14/2000,3.55
520,34.95580895,-119.64374,10/3/1969,1.19727
520,34.95580895,-119.64374,5/19/1969,1.1295
520,34.95580895,-119.64374,10/26/1966,0.949
520,34.95580895,-119.64374,10/26/1966,0.94878
520,34.95580895,-119.64374,10/26/1966,0.949
520,34.95580895,-119.64374,7/30/2007,1.94
520,34.95580895,-119.64374,7/30/2007,1.93596
522,34.9574758,-119.6567962,4/7/1961,1.76202
522,34.9574758,-119.6567962,10/18/1973,0.813
522,34.9574758,-119.6567962,4/24/1959,1.36
522,34.9574758,-119.6567962,10/18/1973,0.81324
522,34.9574758,-119.6567962,4/24/1959,1.3554
522,34.9574758,-119.6567962,5/23/1973,2.94
522,34.9574758,-119.6567962,4/24/1959,1.36
522,34.9574758,-119.6567962,5/23/1973,2.9367
522,34.9574758,-119.6567962,5/23/1973,2.94
522,34.9574758,-119.6567962,3/14/1972,8.13
522,34.9574758,-119.6567962,3/14/1972,8.1324
522,34.9574758,-119.6567962,10/3/1969,2.10087
522,34.9574758,-119.6567962,5/19/1969,2.9367
522,34.9574758,-119.6567962,9/23/1968,2.10087
522,34.9574758,-119.6567962,4/25/1968,2.48
522,34.9574758,-119.6567962,4/25/1968,2.4849
522,34.9574758,-119.6567962,5/12/1967,10.2
522,34.9574758,-119.6567962,5/12/1967,10.1655
522,34.9574758,-119.6567962,5/12/1967,10.2
522,34.9574758,-119.6567962,5/5/1966,2.26
522,34.9574758,-119.6567962,5/5/1966,2.259
522,34.9574758,-119.6567962,5/5/1966,2.26
522,34.9574758,-119.6567962,8/1/1994,3.3
522,34.9574758,-119.6567962,9/28/1965,2.26
522,34.9574758,-119.6567962,9/28/1965,2.259
522,34.9574758,-119.6567962,8/1/1994,3.29814
522,34.9574758,-119.6567962,9/28/1965,2.26
522,34.9574758,-119.6567962,8/1/1994,3.3
522,34.9574758,-119.6567962,4/27/1965,2.26
522,34.9574758,-119.6567962,8/3/1993,3.6
522,34.9574758,-119.6567962,4/27/1965,2.259
522,34.9574758,-119.6567962,8/3/1993,3.59181
522,34.9574758,-119.6567962,4/27/1965,2.26
522,34.9574758,-119.6567962,8/3/1993,3.6
522,34.9574758,-119.6567962,9/28/1964,2.03
522,34.9574758,-119.6567962,7/2/1992,2.59
522,34.9574758,-119.6567962,9/28/1964,2.0331
522,34.9574758,-119.6567962,7/2/1992,2.59785
522,34.9574758,-119.6567962,4/27/1964,2.03
522,34.9574758,-119.6567962,6/24/1991,3.1
522,34.9574758,-119.6567962,4/27/1964,2.0331
522,34.9574758,-119.6567962,6/24/1991,3.09483
522,34.9574758,-119.6567962,9/25/1963,3.1626
522,34.9574758,-119.6567962,6/24/1991,3.1
522,34.9574758,-119.6567962,4/25/1963,2.7108
522,34.9574758,-119.6567962,5/28/1974,1.9
522,34.9574758,-119.6567962,9/25/1962,1.3554
522,34.9574758,-119.6567962,5/28/1974,1.89756
522,34.9574758,-119.6567962,4/7/1961,1.76
522,34.9574758,-119.6567962,5/28/1974,1.9
523,34.9574758,-119.6573518,5/24/1967,33.9
523,34.9574758,-119.6573518,5/24/1967,33.885
523,34.9574758,-119.6573518,11/17/1958,18.072
523,34.9574758,-119.6573518,9/25/1957,8.58
523,34.9574758,-119.6573518,5/20/1954,1.87
523,34.9574758,-119.6573518,5/20/1954,1.87497
524,34.9580313,-119.6565184,10/18/1977,3.16
524,34.9580313,-119.6565184,5/28/1974,10.8
524,34.9580313,-119.6565184,3/14/1972,32.8
524,34.9580313,-119.6565184,9/22/1971,19.9
524,34.9580313,-119.6565184,3/23/1971,7
524,34.9580313,-119.6565184,9/15/1970,40.7
524,34.9580313,-119.6565184,5/20/1954,1.87
525,34.95803239,-119.7101319,9/28/1978,3.93066
529,34.95886568,-119.7095763,12/21/1966,0.226
529,34.95886568,-119.7095763,12/21/1966,0.2259
529,34.95886568,-119.7095763,12/21/1966,0.226
530,34.9605312,-119.655685,7/27/2001,1.39
530,34.9605312,-119.655685,9/14/2000,3.43
530,34.9605312,-119.655685,9/14/2000,3.43368
530,34.9605312,-119.655685,7/14/2005,1.62
530,34.9605312,-119.655685,7/14/2005,1.62196
530,34.9605312,-119.655685,7/13/2004,2.28
530,34.9605312,-119.655685,7/13/2004,2.28159
530,34.9605312,-119.655685,7/18/2003,1.6
530,34.9605312,-119.655685,7/18/2003,1.60163
530,34.9605312,-119.655685,7/26/2002,1.9
530,34.9605312,-119.655685,7/26/2002,1.89756
530,34.9605312,-119.655685,7/26/2002,1.9
530,34.9605312,-119.655685,7/27/2001,1.39
530,34.9605312,-119.655685,7/27/2001,1.38928
538,34.9638655,-119.7101319,7/28/1959,8.81
538,34.9638655,-119.7101319,5/20/1954,2.71
538,34.9638655,-119.7101319,8/5/1953,3.39
538,34.9638655,-119.7101319,4/28/1942,0.113
544,34.9652544,-119.7137432,6/17/1966,1.97
545,34.966088,-119.7273549,6/17/1966,4.74
548,34.96719999,-119.860137,4/15/1966,0.226
549,34.96747674,-119.7226324,5/20/1954,3.39
549,34.96747674,-119.7226324,8/5/1953,2.71
55,34.9374738,-119.5098453,3/8/1950,14.7
55,34.9374738,-119.5098453,3/8/1950,14.6835
55,34.9374738,-119.5098453,3/8/1950,14.7
55,34.9374738,-119.5098453,2/7/1964,7.6806
55,34.9374738,-119.5098453,2/7/1964,7.68
551,34.9685879,-119.7273549,8/5/1953,3.39
554,34.9696991,-119.7340218,6/17/1966,2.4849
554,34.9696991,-119.7340218,4/27/1965,2.94
554,34.9696991,-119.7340218,4/27/1965,2.9367
554,34.9696991,-119.7340218,4/27/1965,2.94
554,34.9696991,-119.7340218,9/28/1964,1.58
554,34.9696991,-119.7340218,9/28/1964,1.5813
554,34.9696991,-119.7340218,9/25/1963,3.39
554,34.9696991,-119.7340218,9/25/1963,3.3885
554,34.9696991,-119.7340218,9/25/1963,3.39
554,34.9696991,-119.7340218,4/25/1963,3.39
554,34.9696991,-119.7340218,4/25/1963,3.3885
554,34.9696991,-119.7340218,4/25/1963,3.39
554,34.9696991,-119.7340218,9/25/1962,0.904
554,34.9696991,-119.7340218,9/25/1962,0.9036
554,34.9696991,-119.7340218,9/15/1970,8.36
554,34.9696991,-119.7340218,9/25/1962,0.904
554,34.9696991,-119.7340218,9/15/1970,8.3583
554,34.9696991,-119.7340218,6/14/1962,3.84
554,34.9696991,-119.7340218,9/15/1970,8.36
554,34.9696991,-119.7340218,6/14/1962,3.8403
554,34.9696991,-119.7340218,3/23/1970,2.71
554,34.9696991,-119.7340218,10/4/1961,1.85
554,34.9696991,-119.7340218,3/23/1970,2.7108
554,34.9696991,-119.7340218,10/4/1961,1.85238
554,34.9696991,-119.7340218,4/25/1968,2.71
554,34.9696991,-119.7340218,10/6/1959,2.71
554,34.9696991,-119.7340218,4/25/1968,2.7108
554,34.9696991,-119.7340218,10/6/1959,2.7108
554,34.9696991,-119.7340218,5/12/1967,4.97
554,34.9696991,-119.7340218,7/28/1959,7.68
554,34.9696991,-119.7340218,5/12/1967,4.9698
554,34.9696991,-119.7340218,7/28/1959,7.6806
554,34.9696991,-119.7340218,5/12/1967,4.97
554,34.9696991,-119.7340218,4/24/1959,2.26
554,34.9696991,-119.7340218,6/17/1966,2.48
554,34.9696991,-119.7340218,4/24/1959,2.259
554,34.9696991,-119.7340218,4/24/1959,2.26
554,34.9696991,-119.7340218,12/17/1958,2.71
554,34.9696991,-119.7340218,12/17/1958,2.7108
554,34.9696991,-119.7340218,9/27/1957,4.29
554,34.9696991,-119.7340218,9/27/1957,4.2921
554,34.9696991,-119.7340218,8/5/1953,3.61
554,34.9696991,-119.7340218,8/5/1953,3.6144
557,34.97219879,-119.7220768,10/27/1967,0.452
558,34.9724752,-119.6559627,9/15/1970,0
558,34.9724752,-119.6559627,3/24/1970,0.587
558,34.9724752,-119.6559627,3/24/1970,0.58734
558,34.9724752,-119.6559627,10/3/1969,0.51957
558,34.9724752,-119.6559627,5/19/1969,0.6777
558,34.9724752,-119.6559627,10/2/1968,0.51957
558,34.9724752,-119.6559627,4/25/1968,0.633
558,34.9724752,-119.6559627,4/25/1968,0.63252
558,34.9724752,-119.6559627,4/25/1968,0.633
558,34.9724752,-119.6559627,5/24/1967,0.565
558,34.9724752,-119.6559627,5/24/1967,0.56475
558,34.9724752,-119.6559627,5/24/1967,0.565
558,34.9724752,-119.6559627,10/26/1966,0.565
558,34.9724752,-119.6559627,10/26/1966,0.56475
558,34.9724752,-119.6559627,10/26/1966,0.565
558,34.9724752,-119.6559627,7/14/1966,0.452
558,34.9724752,-119.6559627,7/14/1966,0.4518
558,34.9724752,-119.6559627,7/14/1966,0.452
558,34.9724752,-119.6559627,5/16/1962,0.226
558,34.9724752,-119.6559627,5/16/1962,0.2259
558,34.9724752,-119.6559627,5/16/1962,0.226
562,34.9746999,-119.8968048,4/6/1966,5.42
562,34.9746999,-119.8968048,4/6/1966,5.4216
568,34.97738889,-119.7563333,9/15/2008,2.51
57,34.92664118,-119.5220682,9/28/1978,0.94878
570,34.979144,-119.8515256,4/14/1966,0.791
6,34.69081678,-119.2859474,6/28/1966,0.09036
6,34.69081678,-119.2859474,6/28/1966,0.09
60,34.9721975,-119.659574,12/17/1958,0.6777
61,34.69525,-119.3250278,9/25/2008,0.667
64,34.93830996,-119.661241,6/24/1991,0.2
64,34.93830996,-119.661241,6/24/1991,0.199922
64,34.93830996,-119.661241,6/24/1991,0.2
64,34.93830996,-119.661241,6/29/1992,0.230418
64,34.93830996,-119.661241,6/29/1992,0.23
64,34.93830996,-119.661241,8/1/1994,0.15
64,34.93830996,-119.661241,8/1/1994,0.149998
64,34.93830996,-119.661241,8/1/1994,0.15
64,34.93830996,-119.661241,7/25/1995,0.110013
64,34.93830996,-119.661241,7/25/1995,0.11
64,34.93830996,-119.661241,7/22/1996,0.140058
64,34.93830996,-119.661241,7/22/1996,0.14
65,34.9276111,-119.6620556,8/6/1953,0.09036
65,34.9276111,-119.6620556,8/6/1953,0.09
65,34.9276111,-119.6620556,9/27/1957,1.06173
65,34.9276111,-119.6620556,9/27/1957,1.06
65,34.9276111,-119.6620556,9/28/1978,0.40662
69,34.68748388,-119.346228,5/24/1972,2.0331
69,34.68748388,-119.346228,6/21/1977,0
7,34.7260936,-119.3898412,4/27/1972,0
70,34.96886568,-119.7273549,6/17/1966,2.94
700,34.9727,-119.709,2/29/2000,0.121348
702,34.6882,-119.358,8/29/2007,0.51
702,34.6882,-119.358,5/29/2007,0.06
702,34.6882,-119.358,3/27/2007,0.025
702,34.6882,-119.358,2/26/2007,0.058
702,34.6882,-119.358,1/29/2007,0.18
702,34.6882,-119.358,1/31/2001,0.1
702,34.6882,-119.358,1/3/2001,0.1
702,34.6882,-119.358,10/5/2000,0.0494382
702,34.6882,-119.358,9/7/2000,0.0449438
702,34.6882,-119.358,2/29/2000,0.148315
702,34.6882,-119.358,2/1/2000,0.14382
702,34.6882,-119.358,2/4/2013,0.097
702,34.6882,-119.358,1/7/2013,0.055
702,34.6882,-119.358,1/14/2008,0.27
703,35.0408,-119.886,1/7/2013,0.16
703,35.0408,-119.886,2/29/2000,0.157303
703,35.0408,-119.886,2/1/2000,0.148315
704,34.6878,-119.358,5/1/2000,0.1
704,34.6878,-119.358,2/1/2000,0.0674157
709,34.9454226,-119.621824,3/7/2005,2.9367
709,34.9454226,-119.621824,6/16/2003,22.59
709,34.9454226,-119.621824,2/25/2002,25.9785
71,34.9524768,-119.6995759,3/20/1947,3.39
71,34.9524768,-119.6995759,5/20/1954,3.8403
71,34.9524768,-119.6995759,5/20/1954,3.84
71,34.9524768,-119.6995759,3/20/1947,3.39
71,34.9524768,-119.6995759,3/20/1947,3.3885
710,34.8295294,-119.46336,6/6/2016,0.079
710,34.8295294,-119.46336,6/4/2015,0
711,34.97738889,-119.7563333,9/15/2008,2.51
712,34.93436111,-119.6898333,9/20/2012,0.031
712,34.93436111,-119.6898333,9/15/2008,0.02
713,34.90141667,-119.5476111,9/18/2008,0.839
72,34.9343611,-119.6898333,9/15/2008,0.02
72,34.9343611,-119.6898333,7/23/2014,0.041
72,34.9343611,-119.6898333,7/14/2017,0.035
721,34.92719444,-119.5560833,9/18/2008,15.1
730,34.6855,-119.3336,5/12/1967,0.18072
730,34.6855,-119.3336,10/24/1966,0.02259
734,34.7233,-119.3867,7/10/1975,7.9065
734,34.7233,-119.3867,4/17/1975,2.0331
739,34.7092,-119.3734,5/4/1973,0
74,34.94225,-119.6751667,7/16/2015,1.32
74,34.94225,-119.6751667,7/13/2016,1.24
74,34.94225,-119.6751667,7/13/2017,0.851
74,34.94225,-119.6751667,9/17/2008,1.1
74,34.94225,-119.6751667,9/1/2009,1.08
74,34.94225,-119.6751667,7/17/2012,1.04
74,34.94225,-119.6751667,9/24/2013,1.38
74,34.94225,-119.6751667,7/24/2014,1.34
741,34.7991,-119.2971,5/23/1972,9.4878
742,34.7812,-119.2835,5/3/1973,0
743,34.7387,-119.3088,5/12/1966,1.42317
750,34.7693,-119.4357,3/2/1965,0.4518
758,34.8365,-119.3878,6/17/1975,0.63252
759,34.8612,-119.5136,9/28/1965,0.2259
759,34.8612,-119.5136,4/27/1965,0.6777
76,34.93402778,-119.6070278,9/22/1960,7
76,34.93402778,-119.6070278,9/22/1960,6.78
76,34.93402778,-119.6070278,9/22/1960,4.97
76,34.93402778,-119.6070278,10/12/1960,3.61
76,34.93402778,-119.6070278,7/14/1966,17.2
76,34.93402778,-119.6070278,10/26/1966,11.7
76,34.93402778,-119.6070278,7/29/2008,10.4
76,34.93402778,-119.6070278,9/17/2008,10.3
761,34.9392,-119.5782,5/23/1973,13.554
762,34.9392,-119.5381,10/26/1966,4.9698
766,34.9569,-119.6323,9/28/1965,0.2259
766,34.9569,-119.6323,4/27/1965,0.4518
766,34.9569,-119.6323,9/28/1964,0
766,34.9569,-119.6323,4/27/1964,0.9036
766,34.9569,-119.6323,9/25/1963,2.259
766,34.9569,-119.6323,4/25/1963,1.26504
766,34.9569,-119.6323,9/25/1962,0.74547
766,34.9569,-119.6323,4/7/1961,3.1626
766,34.9569,-119.6323,4/24/1959,0.9036
766,34.9569,-119.6323,5/26/1958,0.94878
766,34.9569,-119.6323,9/27/1957,2.32677
77,34.9311583,-119.5952556,4/8/2009,0.454059
77,34.9311583,-119.5952556,4/8/2009,0.453
79,34.92719444,-119.5560833,7/8/2008,12
79,34.92719444,-119.5560833,9/18/2008,15.1
79,34.92719444,-119.5560833,7/21/2009,16.5
79,34.92719444,-119.5560833,8/3/2010,15.6
79,34.92719444,-119.5560833,8/11/2011,17.5
8,34.72609358,-119.3842854,4/26/1972,6.777
8,34.72609358,-119.3842854,6/23/1976,4.2921
81,34.93766667,-119.4820833,8/16/2011,45.4059
81,34.93766667,-119.4820833,8/16/2011,45.3
83,34.83413889,-119.4765278,8/16/2011,2.18
840,35.01233,-119.84173,1/12/2015,0.8
841,35.00323,-119.83181,2/26/2015,0.6
842,35.00597,-119.83601,3/20/2015,0.5
843,35.00913,-119.83959,1/30/2015,0.8
844,35.01837,-119.84697,10/16/2015,1.9
845,35.02252,-119.84979,9/28/2015,2.8
846,35.02526,-119.85343,7/8/2015,0.1
847,35.01977,-119.85007,8/14/2015,2.2
848,35.02906,-119.85714,11/6/2015,3.1
849,35.02783,-119.86077,7/26/2015,6.6
85,34.81942319,-119.4523437,7/21/2003,0.676
85,34.81942319,-119.4523437,7/13/2004,0.279
85,34.81942319,-119.4523437,7/14/2005,6.85
85,34.81942319,-119.4523437,7/18/2006,3.34
85,34.81942319,-119.4523437,7/30/2007,15.7
85,34.81942319,-119.4523437,7/8/2008,9.22
85,34.81942319,-119.4523437,7/21/2009,2.82
85,34.81942319,-119.4523437,7/29/2010,1.68
85,34.81942319,-119.4523437,2/7/1964,1.27
85,34.81942319,-119.4523437,7/12/2011,2.14
85,34.81942319,-119.4523437,10/26/1966,0.136
85,34.81942319,-119.4523437,10/31/1967,0.678
85,34.81942319,-119.4523437,4/25/1968,0.045
85,34.81942319,-119.4523437,3/23/1970,0.565
85,34.81942319,-119.4523437,9/15/1970,0.678
85,34.81942319,-119.4523437,3/22/1971,0.678
85,34.81942319,-119.4523437,9/22/1971,0.452
85,34.81942319,-119.4523437,3/13/1972,0.452
85,34.81942319,-119.4523437,5/23/1973,0.294
85,34.81942319,-119.4523437,5/28/1974,0.361
85,34.81942319,-119.4523437,5/16/1975,0
85,34.81942319,-119.4523437,10/18/1977,0.361
85,34.81942319,-119.4523437,6/24/1991,0.47
85,34.81942319,-119.4523437,6/29/1992,0.27
85,34.81942319,-119.4523437,8/3/1993,1.2
85,34.81942319,-119.4523437,8/1/1994,1.1
85,34.81942319,-119.4523437,7/25/1995,1.3
85,34.81942319,-119.4523437,7/25/1996,3.3
85,34.81942319,-119.4523437,9/9/1997,3.45
85,34.81942319,-119.4523437,7/21/1998,1.31
85,34.81942319,-119.4523437,7/20/1999,1.75
85,34.81942319,-119.4523437,7/18/2000,2.24
85,34.81942319,-119.4523437,7/24/2001,0.629
85,34.81942319,-119.4523437,7/29/2002,0.624
850,35.01475,-119.84595,9/4/2015,1
88,34.7914722,-119.393111,8/18/2011,0.658
88,34.7914722,-119.393111,8/18/2011,0.657369
88,34.7914722,-119.393111,8/18/2011,0.658
89,34.70813889,-119.3785,3/25/1965,0
89,34.70813889,-119.3785,10/26/1966,0.203
90,34.89425,-119.5199167,9/17/2008,3.99
90,34.89425,-119.5199167,9/20/2012,4.93
91,34.89771667,-119.542125,11/5/2009,0.985
92,34.86927778,-119.5146389,4/27/1965,0.678
92,34.86927778,-119.5146389,9/28/1965,0.226
94,34.90141667,-119.547611,7/29/2008,0.853
94,34.90141667,-119.547611,9/18/2008,0.839
94,34.90141667,-119.547611,7/21/2009,0.765
94,34.90141667,-119.547611,7/29/2010,0.638
95,34.89975,-119.5839167,8/19/2011,0.0951039
95,34.89975,-119.5839167,8/19/2011,0.095
96,34.89025548,-119.616517,8/19/2011,0.488
98,34.8839722,-119.6354722,8/16/2011,1.67
98,34.8839722,-119.6354722,8/16/2011,1.6694
98,34.8839722,-119.6354722,8/16/2011,1.67
99,34.89978056,-119.657725,11/4/2009,0